id;adress_1;address_2;town;country
1;mindshare Interactions Versatile;Frozen Rubber line;navigating Sports;Northern Mariana Islands
2;Zambian;optical Michigan;Pants relationships Health;Falkland Islands (Malvinas)
3;Account;purple Credit Developer;Chile;Cape Verde
4;index Berkshire;China generating solution;capacitor;French Southern Territories
5;hacking;Timor-Leste;Skyway Account;Romania
6;Alaska;Guilder;Human National Soap;Nauru
7;program transmit HTTP;Gardens alarm;Neck quantifying object-oriented;Saint Helena
8;National;Taka JBOD state;blue invoice;Saint Pierre and Miquelon
9;relationships deposit clicks-and-mortar;out-of-the-box payment calculating;payment boliviano Garden;Guyana
10;Tasty Cuban;deposit;Orchestrator Dynamic Pound;Andorra
