id;date_incorp;reg_no
Car Cotton;2021-06-19T18:32:06;generation Tasty
Multi-tiered;2021-06-19T09:04:46;initiatives
District Forest Loan;2021-06-19T13:47:29;Rubber
Rubber;2021-06-19T11:17:12;program action-items compress
haptic;2021-06-19T13:12:18;Paradigm withdrawal Refined
deliverables Tanzania next-generation;2021-06-19T08:11:53;Franc Synchronised Central
Account Concrete Unbranded;2021-06-19T16:14:48;Guyana e-services
demand-driven user-facing Plastic;2021-06-18T22:27:14;hacking
mission-critical California;2021-06-19T06:18:57;Object-based Tools
SAS Awesome Taiwan;2021-06-19T08:25:41;array Savings
