id;name;phone
Assistant;Market;721-764-2911 x28337
mission-critical Music;Implementation Consultant Kong;285-845-1222 x4767
azure online fuchsia;Gorgeous copying;(770) 250-6476
secondary Front-line Tennessee;transmit;(307) 205-7172 x697
multi-tasking Investment Electronics;redundant;790-368-4585 x57416
FTP Concrete;bypass Hat Berkshire;618.371.7460
Horizontal generating Cliff;Architect redefine Auto;(344) 930-2496
Via;overriding Japan multi-tasking;718-624-2829
intuitive black Small;upward-trending Concrete wireless;269-352-8954 x66499
New neural functionalities;Cambridgeshire Keyboard;1-614-750-8537 x03199
